timestamp,unit_id,unit_type,empire_or_resistance,location_x,location_y,destination_x,destination_y,homeworld
2025-07-08 14:39:58,1,tie_silencer,empire,5,7,3,8,Zolan
2025-07-08 14:39:57,2,tie_silencer,empire,7,1,8,10,Trandosha
2025-07-08 14:39:56,3,stormtrooper,empire,9,2,3,8,Bestine IV
2025-07-08 14:39:55,4,x-wing,resistance,5,3,10,8,Umbara
2025-07-08 14:39:54,5,x-wing,empire,8,5,9,7,Quermia
2025-07-08 14:39:53,6,x-wing,resistance,6,10,3,1,Umbara
2025-07-08 14:39:52,7,tie_silencer,resistance,3,4,1,2,Tholoth
2025-07-08 14:39:51,8,at-at,empire,2,9,9,7,Stewjon
2025-07-08 14:39:50,9,at-at,resistance,1,7,1,3,Mon Cala
2025-07-08 14:39:49,10,resistance_soldier,empire,2,3,4,8,Umbara
2025-07-08 14:39:48,11,resistance_soldier,empire,3,8,5,5,Toydaria
2025-07-08 14:39:47,12,unknown,resistance,10,2,10,4,Eriadu
2025-07-08 14:39:46,13,unknown,empire,5,8,5,9,Stewjon
2025-07-08 14:39:45,14,resistance_soldier,resistance,2,1,9,10,Tatooine
2025-07-08 14:39:44,15,stormtrooper,empire,2,9,8,9,Serenno
2025-07-08 14:39:43,16,unknown,resistance,9,7,6,3,Bestine IV
2025-07-08 14:39:42,17,tie_fighter,resistance,2,10,7,7,Kashyyyk
2025-07-08 14:39:41,18,at-st,resistance,9,4,5,5,Iktotch
2025-07-08 14:39:40,19,unknown,resistance,4,7,1,6,Chandrila
2025-07-08 14:39:39,20,tie_fighter,resistance,3,8,5,1,Kashyyyk
2025-07-08 14:39:38,21,at-at,resistance,3,8,9,3,Chandrila
2025-07-08 14:39:37,22,stormtrooper,resistance,6,1,6,3,Sullust
2025-07-08 14:39:36,23,at-at,resistance,3,6,7,3,Kashyyyk
2025-07-08 14:39:35,24,tie_silencer,empire,8,7,9,6,Socorro
2025-07-08 14:39:34,25,at-st,empire,3,1,6,3,Stewjon
2025-07-08 14:39:33,26,at-st,resistance,4,9,6,3,Haruun Kal
2025-07-08 14:39:32,27,x-wing,empire,7,8,3,1,Aleen Minor
2025-07-08 14:39:31,28,resistance_soldier,empire,3,8,3,7,Eriadu
2025-07-08 14:39:30,29,resistance_soldier,resistance,10,4,2,6,Iktotch
2025-07-08 14:39:29,30,at-st,empire,3,1,7,10,Cerea
2025-07-08 14:39:28,31,at-at,empire,9,9,9,7,Stewjon
2025-07-08 14:39:27,32,at-at,empire,10,4,4,10,Chandrila
2025-07-08 14:39:26,33,tie_silencer,empire,2,10,10,9,Trandosha
2025-07-08 14:39:25,34,at-at,resistance,5,6,4,9,Troiken
2025-07-08 14:39:24,35,unknown,resistance,10,3,8,5,Malastare
2025-07-08 14:39:23,36,at-st,empire,7,9,1,10,Toydaria
2025-07-08 14:39:22,37,tie_fighter,resistance,10,9,7,8,Concord Dawn
2025-07-08 14:39:21,38,tie_fighter,resistance,7,9,2,5,Iktotch
2025-07-08 14:39:20,39,tie_fighter,resistance,10,5,6,5,Kashyyyk
2025-07-08 14:39:19,40,tie_silencer,empire,7,9,3,7,Mirial
2025-07-08 14:39:18,41,unknown,empire,4,8,2,8,Socorro
2025-07-08 14:39:17,42,tie_fighter,resistance,4,5,6,1,Kashyyyk
2025-07-08 14:39:16,43,stormtrooper,empire,10,4,3,1,Aleen Minor
2025-07-08 14:39:15,44,tie_fighter,resistance,8,7,1,4,Shili
2025-07-08 14:39:14,45,tie_fighter,empire,9,7,7,3,Dorin
2025-07-08 14:39:13,46,tie_silencer,resistance,8,2,3,10,Tatooine
2025-07-08 14:39:12,47,at-st,resistance,3,9,4,8,Champala
2025-07-08 14:39:11,48,resistance_soldier,resistance,9,8,9,3,Tund
2025-07-08 14:39:10,49,stormtrooper,empire,3,2,8,7,Quermia
2025-07-08 14:39:09,50,stormtrooper,empire,9,6,3,7,Skako
2025-07-08 14:39:08,51,unknown,resistance,4,8,7,1,Dagobah
2025-07-08 14:39:07,52,tie_silencer,empire,9,9,1,9,Kalee
2025-07-08 14:39:06,53,at-at,empire,9,4,6,6,Muunilinst
2025-07-08 14:39:05,54,at-st,empire,10,10,4,2,Tholoth
2025-07-08 14:39:04,55,at-at,empire,2,5,9,1,Rodia
2025-07-08 14:39:03,56,stormtrooper,empire,3,8,7,9,Haruun Kal
2025-07-08 14:39:02,57,resistance_soldier,resistance,6,3,5,2,Ojom
2025-07-08 14:39:01,58,tie_silencer,resistance,6,2,4,2,Kashyyyk
2025-07-08 14:39:00,59,at-at,empire,9,10,4,3,Socorro
2025-07-08 14:38:59,60,unknown,empire,2,5,9,5,Haruun Kal
2025-07-08 14:38:58,61,stormtrooper,empire,8,9,3,5,Ojom
2025-07-08 14:38:57,62,unknown,resistance,6,10,3,3,Tatooine
2025-07-08 14:38:56,63,x-wing,resistance,10,4,1,10,Muunilinst
2025-07-08 14:38:55,64,stormtrooper,empire,9,6,2,2,Concord Dawn
2025-07-08 14:38:54,65,at-at,empire,3,9,1,2,Stewjon
2025-07-08 14:38:53,66,at-at,empire,10,3,9,4,Troiken
2025-07-08 14:38:52,67,at-st,empire,6,6,3,6,Skako
2025-07-08 14:38:51,68,tie_fighter,resistance,4,7,2,9,Bestine IV
2025-07-08 14:38:50,69,at-st,resistance,1,6,9,1,Naboo
2025-07-08 14:38:49,70,at-at,empire,7,6,1,3,Corellia
2025-07-08 14:38:48,71,tie_silencer,resistance,5,8,7,2,Zolan
2025-07-08 14:38:47,72,at-at,empire,5,7,3,5,Eriadu
2025-07-08 14:38:46,73,unknown,empire,4,4,5,8,Bestine IV
2025-07-08 14:38:45,74,stormtrooper,empire,1,10,5,7,Muunilinst
2025-07-08 14:38:44,75,x-wing,resistance,4,2,10,10,Shili
2025-07-08 14:38:43,76,tie_fighter,resistance,9,2,7,6,Mon Cala
2025-07-08 14:38:42,77,tie_fighter,resistance,9,8,10,9,Skako
2025-07-08 14:38:41,78,at-at,empire,8,8,1,7,Stewjon
2025-07-08 14:38:40,79,at-at,empire,7,1,7,7,Iridonia
2025-07-08 14:38:39,80,tie_fighter,empire,3,1,6,4,Serenno
2025-07-08 14:38:38,81,x-wing,resistance,3,9,4,3,Socorro
2025-07-08 14:38:37,82,stormtrooper,resistance,3,9,4,5,Muunilinst
2025-07-08 14:38:36,83,resistance_soldier,resistance,3,6,8,1,Alderaan
2025-07-08 14:38:35,84,tie_fighter,empire,1,2,5,6,Tund
2025-07-08 14:38:34,85,at-at,resistance,1,8,3,4,Shili
2025-07-08 14:38:33,86,stormtrooper,empire,10,6,10,3,Iridonia
2025-07-08 14:38:32,87,at-at,empire,6,2,9,5,Dorin
2025-07-08 14:38:31,88,stormtrooper,empire,6,5,7,1,Concord Dawn
2025-07-08 14:38:30,89,unknown,resistance,10,8,5,10,Champala
2025-07-08 14:38:29,90,unknown,resistance,7,4,2,6,Malastare
2025-07-08 14:38:28,91,x-wing,resistance,1,3,5,5,Tatooine
2025-07-08 14:38:27,92,x-wing,empire,4,6,9,3,Naboo
2025-07-08 14:38:26,93,unknown,resistance,2,10,9,4,Iridonia
2025-07-08 14:38:25,94,at-st,empire,9,7,4,8,Skako
2025-07-08 14:38:24,95,stormtrooper,empire,3,2,1,4,Trandosha
2025-07-08 14:38:23,96,tie_silencer,resistance,9,4,7,10,Naboo
2025-07-08 14:38:22,97,at-st,empire,2,8,3,10,Concord Dawn
2025-07-08 14:38:21,98,at-at,empire,1,5,9,2,Skako
2025-07-08 14:38:20,99,unknown,empire,7,7,3,3,Stewjon
2025-07-08 14:38:19,100,tie_silencer,resistance,4,9,9,10,Troiken
2025-07-08 14:38:18,101,at-at,resistance,3,10,3,8,Alderaan
2025-07-08 14:38:17,102,tie_silencer,empire,4,1,7,2,Eriadu
2025-07-08 14:38:16,103,at-at,resistance,9,2,3,1,Toydaria
2025-07-08 14:38:15,104,at-at,empire,1,5,7,3,Toydaria
2025-07-08 14:38:14,105,unknown,resistance,5,9,3,10,Naboo
2025-07-08 14:38:13,106,unknown,resistance,9,6,10,4,Champala
2025-07-08 14:38:12,107,tie_fighter,resistance,10,7,2,10,Trandosha
2025-07-08 14:38:11,108,tie_fighter,empire,8,8,6,8,Corellia
2025-07-08 14:38:10,109,at-st,empire,2,7,8,2,Malastare
2025-07-08 14:38:09,110,tie_fighter,empire,8,10,6,2,Quermia
2025-07-08 14:38:08,111,stormtrooper,resistance,7,3,8,4,Quermia
2025-07-08 14:38:07,112,stormtrooper,empire,8,2,4,7,Zolan
2025-07-08 14:38:06,113,resistance_soldier,empire,7,5,9,8,Tund
2025-07-08 14:38:05,114,x-wing,resistance,2,1,10,5,Quermia
2025-07-08 14:38:04,115,resistance_soldier,resistance,10,3,10,9,Iridonia
2025-07-08 14:38:03,116,resistance_soldier,empire,2,1,10,2,Tund
2025-07-08 14:38:02,117,tie_fighter,empire,7,7,6,4,Dorin
2025-07-08 14:38:01,118,at-at,empire,3,7,4,6,Aleen Minor
2025-07-08 14:38:00,119,at-at,empire,7,8,3,3,Malastare
2025-07-08 14:37:59,120,at-st,empire,4,6,8,6,Skako
2025-07-08 14:37:58,121,at-at,resistance,6,5,10,2,Mon Cala
2025-07-08 14:37:57,122,resistance_soldier,empire,10,4,6,1,Stewjon
2025-07-08 14:37:56,123,at-at,empire,5,9,6,5,Eriadu
2025-07-08 14:37:55,124,x-wing,resistance,4,6,3,10,Cerea
2025-07-08 14:37:54,125,at-st,resistance,7,1,5,2,Kalee
2025-07-08 14:37:53,126,stormtrooper,resistance,4,1,7,5,Mon Cala
2025-07-08 14:37:52,127,unknown,resistance,10,3,7,6,Dathomir
2025-07-08 14:37:51,128,at-at,resistance,4,9,9,1,Kalee
2025-07-08 14:37:50,129,tie_silencer,empire,3,9,10,3,Malastare
2025-07-08 14:37:49,130,at-at,empire,6,2,3,3,Corellia
2025-07-08 14:37:48,131,x-wing,empire,4,6,3,4,Tholoth
2025-07-08 14:37:47,132,stormtrooper,empire,10,2,5,7,Kalee
2025-07-08 14:37:46,133,resistance_soldier,empire,8,3,2,1,Bestine IV
2025-07-08 14:37:45,134,x-wing,resistance,6,2,10,8,Kalee
2025-07-08 14:37:44,135,resistance_soldier,empire,8,1,8,8,Eriadu
2025-07-08 14:37:43,136,at-st,resistance,10,8,1,3,Iktotch
2025-07-08 14:37:42,137,stormtrooper,empire,9,2,6,2,Muunilinst
2025-07-08 14:37:41,138,resistance_soldier,empire,8,6,8,1,Dorin
2025-07-08 14:37:40,139,unknown,resistance,9,10,8,9,Chandrila
2025-07-08 14:37:39,140,unknown,empire,5,8,4,10,Shili
2025-07-08 14:37:38,141,x-wing,empire,8,10,6,9,Tund
2025-07-08 14:37:37,142,at-st,empire,2,5,7,7,Cerea
2025-07-08 14:37:36,143,tie_fighter,resistance,5,6,2,1,Concord Dawn
2025-07-08 14:37:35,144,tie_silencer,resistance,7,3,10,2,Haruun Kal
2025-07-08 14:37:34,145,x-wing,empire,3,1,5,1,Umbara
2025-07-08 14:37:33,146,at-st,empire,10,4,2,6,Ojom
2025-07-08 14:37:32,147,at-at,empire,3,6,1,5,Naboo
2025-07-08 14:37:31,148,tie_fighter,resistance,9,2,10,6,Eriadu
2025-07-08 14:37:30,149,stormtrooper,resistance,8,7,1,1,Ryloth
2025-07-08 14:37:29,150,at-st,empire,2,7,9,5,Cerea
2025-07-08 14:37:28,151,stormtrooper,resistance,6,6,6,1,Chandrila
2025-07-08 14:37:27,152,resistance_soldier,empire,10,8,9,8,Malastare
2025-07-08 14:37:26,153,x-wing,empire,5,2,4,6,Stewjon
2025-07-08 14:37:25,154,at-at,empire,7,6,7,6,Serenno
2025-07-08 14:37:24,155,x-wing,empire,4,9,4,6,Tatooine
2025-07-08 14:37:23,156,tie_silencer,empire,4,9,7,4,Stewjon
2025-07-08 14:37:22,157,resistance_soldier,empire,1,8,1,6,Ojom
2025-07-08 14:37:21,158,at-at,resistance,2,10,5,8,Umbara
2025-07-08 14:37:20,159,x-wing,empire,6,6,2,6,Mirial
2025-07-08 14:37:19,160,resistance_soldier,empire,10,9,1,8,Cerea
2025-07-08 14:37:18,161,stormtrooper,resistance,9,5,2,1,Tholoth
2025-07-08 14:37:17,162,resistance_soldier,resistance,10,8,1,8,Rodia
2025-07-08 14:37:16,163,stormtrooper,resistance,3,1,3,8,Shili
2025-07-08 14:37:15,164,unknown,resistance,1,5,7,6,Tatooine
2025-07-08 14:37:14,165,resistance_soldier,resistance,9,2,8,4,Tatooine
2025-07-08 14:37:13,166,stormtrooper,empire,2,9,2,8,Serenno
2025-07-08 14:37:12,167,at-at,resistance,2,3,8,9,Quermia
2025-07-08 14:37:11,168,resistance_soldier,empire,7,3,10,8,Malastare
2025-07-08 14:37:10,169,unknown,resistance,1,3,2,8,Socorro
2025-07-08 14:37:09,170,at-at,resistance,6,1,4,3,Troiken
2025-07-08 14:37:08,171,stormtrooper,resistance,7,10,6,10,Troiken
2025-07-08 14:37:07,172,stormtrooper,empire,7,10,10,8,Corellia
2025-07-08 14:37:06,173,at-at,empire,8,1,1,10,Aleen Minor
2025-07-08 14:37:05,174,tie_silencer,resistance,1,7,9,10,Kalee
2025-07-08 14:37:04,175,at-at,empire,8,9,2,2,Tholoth
2025-07-08 14:37:03,176,resistance_soldier,empire,8,1,7,10,Eriadu
2025-07-08 14:37:02,177,unknown,empire,10,8,6,1,Dagobah
2025-07-08 14:37:01,178,tie_fighter,resistance,5,2,10,9,Kashyyyk
2025-07-08 14:37:00,179,tie_silencer,empire,6,4,2,8,Serenno
2025-07-08 14:36:59,180,stormtrooper,empire,8,3,8,5,Rodia
2025-07-08 14:36:58,181,resistance_soldier,empire,10,1,9,3,Tund
2025-07-08 14:36:57,182,at-at,empire,5,6,2,6,Skako
2025-07-08 14:36:56,183,tie_fighter,empire,6,3,8,6,Aleen Minor
2025-07-08 14:36:55,184,resistance_soldier,empire,8,7,9,10,Kalee
2025-07-08 14:36:54,185,tie_silencer,empire,5,4,4,4,Umbara
2025-07-08 14:36:53,186,resistance_soldier,resistance,7,7,2,4,Trandosha
2025-07-08 14:36:52,187,tie_silencer,resistance,1,6,5,4,Kashyyyk
2025-07-08 14:36:51,188,unknown,empire,3,10,7,1,Corellia
2025-07-08 14:36:50,189,stormtrooper,empire,7,7,6,6,Toydaria
2025-07-08 14:36:49,190,resistance_soldier,empire,4,8,10,3,Corellia
2025-07-08 14:36:48,191,unknown,empire,8,8,5,6,Muunilinst
2025-07-08 14:36:47,192,tie_fighter,empire,9,5,9,4,Serenno
2025-07-08 14:36:46,193,resistance_soldier,empire,7,2,6,1,Rodia
2025-07-08 14:36:45,194,x-wing,empire,2,7,3,8,Malastare
2025-07-08 14:36:44,195,unknown,resistance,7,6,9,6,Iktotch
2025-07-08 14:36:43,196,x-wing,empire,3,10,1,1,Dorin
2025-07-08 14:36:42,197,resistance_soldier,resistance,8,3,2,5,Chandrila
2025-07-08 14:36:41,198,at-st,empire,4,9,8,3,Malastare
2025-07-08 14:36:40,199,resistance_soldier,resistance,9,10,7,10,Iktotch
2025-07-08 14:36:39,200,tie_silencer,empire,9,5,6,5,Haruun Kal
2025-07-08 14:36:38,201,at-st,empire,6,4,9,1,Bestine IV
2025-07-08 14:36:37,202,resistance_soldier,resistance,1,1,1,5,Chandrila
2025-07-08 14:36:36,203,resistance_soldier,resistance,7,9,3,4,Dathomir
2025-07-08 14:36:35,204,tie_silencer,resistance,8,1,2,3,Dathomir
2025-07-08 14:36:34,205,unknown,empire,4,2,3,3,Dorin
2025-07-08 14:36:33,206,x-wing,resistance,4,7,2,1,Ojom
2025-07-08 14:36:32,207,tie_fighter,empire,2,9,4,3,Mirial
2025-07-08 14:36:31,208,at-st,resistance,1,5,5,10,Rodia
2025-07-08 14:36:30,209,tie_fighter,empire,2,9,10,3,Concord Dawn
2025-07-08 14:36:29,210,at-st,resistance,3,4,5,7,Iridonia
2025-07-08 14:36:28,211,resistance_soldier,resistance,8,2,8,8,Toydaria
2025-07-08 14:36:27,212,unknown,empire,8,5,4,8,Dorin
2025-07-08 14:36:26,213,unknown,empire,8,6,7,5,Tund
2025-07-08 14:36:25,214,at-at,empire,2,1,6,7,Toydaria
2025-07-08 14:36:24,215,stormtrooper,resistance,7,4,3,8,Alderaan
2025-07-08 14:36:23,216,tie_fighter,empire,2,3,9,5,Muunilinst
2025-07-08 14:36:22,217,at-st,empire,2,9,7,5,Haruun Kal
2025-07-08 14:36:21,218,stormtrooper,resistance,4,8,5,2,Iridonia
2025-07-08 14:36:20,219,resistance_soldier,empire,2,2,7,10,Mirial
2025-07-08 14:36:19,220,tie_silencer,resistance,10,2,8,10,Ojom
2025-07-08 14:36:18,221,tie_fighter,empire,9,4,6,2,Tatooine
2025-07-08 14:36:17,222,unknown,resistance,6,6,10,10,Alderaan
2025-07-08 14:36:16,223,resistance_soldier,resistance,6,8,7,9,Chandrila
2025-07-08 14:36:15,224,stormtrooper,empire,9,8,5,2,Serenno
2025-07-08 14:36:14,225,stormtrooper,resistance,9,6,2,10,Iridonia
2025-07-08 14:36:13,226,resistance_soldier,resistance,10,4,2,6,Ojom
2025-07-08 14:36:12,227,stormtrooper,resistance,1,4,4,4,Dagobah
2025-07-08 14:36:11,228,tie_fighter,empire,7,3,5,9,Naboo
2025-07-08 14:36:10,229,tie_silencer,empire,4,6,8,10,Shili
2025-07-08 14:36:09,230,tie_silencer,resistance,4,4,7,4,Chandrila
2025-07-08 14:36:08,231,x-wing,empire,10,1,9,10,Dorin
2025-07-08 14:36:07,232,stormtrooper,resistance,6,9,5,8,Tatooine
2025-07-08 14:36:06,233,stormtrooper,empire,5,4,4,9,Concord Dawn
2025-07-08 14:36:05,234,stormtrooper,empire,3,6,9,6,Troiken
2025-07-08 14:36:04,235,stormtrooper,empire,3,4,10,5,Muunilinst
2025-07-08 14:36:03,236,at-st,empire,1,10,3,2,Serenno
2025-07-08 14:36:02,237,resistance_soldier,resistance,10,1,8,1,Tatooine
2025-07-08 14:36:01,238,x-wing,empire,1,8,10,8,Bestine IV
2025-07-08 14:36:00,239,resistance_soldier,resistance,2,9,9,10,Mon Cala
2025-07-08 14:35:59,240,tie_fighter,empire,8,2,3,5,Serenno
2025-07-08 14:35:58,241,unknown,empire,6,6,1,4,Corellia
2025-07-08 14:35:57,242,tie_silencer,empire,6,8,4,1,Vulpter
2025-07-08 14:35:56,243,tie_silencer,resistance,6,1,1,9,Tholoth
2025-07-08 14:35:55,244,unknown,resistance,3,9,5,6,Dagobah
2025-07-08 14:35:54,245,x-wing,resistance,3,7,1,8,Trandosha
2025-07-08 14:35:53,246,at-st,resistance,9,7,3,4,Iktotch
2025-07-08 14:35:52,247,unknown,resistance,3,8,8,1,Iridonia
2025-07-08 14:35:51,248,unknown,resistance,10,6,5,3,Trandosha
2025-07-08 14:35:50,249,stormtrooper,resistance,9,4,8,4,Bestine IV
2025-07-08 14:35:49,250,tie_silencer,empire,2,7,10,2,Serenno
2025-07-08 14:35:48,251,at-at,empire,3,5,7,10,Dorin
2025-07-08 14:35:47,252,at-st,resistance,10,5,7,6,Champala
2025-07-08 14:35:46,253,stormtrooper,empire,3,7,1,3,Mirial
2025-07-08 14:35:45,254,x-wing,resistance,2,6,9,3,Tholoth
2025-07-08 14:35:44,255,at-st,resistance,6,8,8,3,Alderaan
2025-07-08 14:35:43,256,x-wing,resistance,1,2,7,1,Alderaan
2025-07-08 14:35:42,257,tie_fighter,empire,4,8,7,4,Stewjon
2025-07-08 14:35:41,258,stormtrooper,empire,2,3,10,10,Skako
2025-07-08 14:35:40,259,resistance_soldier,resistance,1,4,10,9,Iridonia
2025-07-08 14:35:39,260,x-wing,empire,9,7,4,7,Tatooine
2025-07-08 14:35:38,261,at-at,empire,5,9,9,8,Cerea
2025-07-08 14:35:37,262,at-st,resistance,1,7,6,9,Tholoth
2025-07-08 14:35:36,263,unknown,empire,8,10,9,1,Quermia
2025-07-08 14:35:35,264,x-wing,empire,3,1,2,2,Quermia
2025-07-08 14:35:34,265,tie_silencer,resistance,2,7,8,8,Sullust
2025-07-08 14:35:33,266,unknown,resistance,10,10,6,2,Sullust
2025-07-08 14:35:32,267,at-at,empire,3,2,1,9,Concord Dawn
2025-07-08 14:35:31,268,at-st,resistance,5,7,8,3,Haruun Kal
2025-07-08 14:35:30,269,tie_silencer,resistance,7,9,1,7,Rodia
2025-07-08 14:35:29,270,tie_silencer,resistance,2,3,8,8,Quermia
2025-07-08 14:35:28,271,x-wing,empire,8,2,6,6,Ojom
2025-07-08 14:35:27,272,tie_fighter,empire,5,10,3,2,Zolan
2025-07-08 14:35:26,273,at-st,resistance,4,6,10,2,Tholoth
2025-07-08 14:35:25,274,x-wing,empire,6,8,3,7,Tatooine
2025-07-08 14:35:24,275,tie_fighter,resistance,4,2,10,2,Iridonia
2025-07-08 14:35:23,276,at-st,resistance,7,3,3,9,Kashyyyk
2025-07-08 14:35:22,277,resistance_soldier,empire,3,7,10,4,Stewjon
2025-07-08 14:35:21,278,resistance_soldier,resistance,10,5,8,7,Kalee
2025-07-08 14:35:20,279,resistance_soldier,empire,7,4,4,4,Kalee
2025-07-08 14:35:19,280,at-at,resistance,10,1,9,5,Kalee
2025-07-08 14:35:18,281,x-wing,empire,2,9,9,4,Rodia
2025-07-08 14:35:17,282,stormtrooper,empire,8,10,8,6,Champala
2025-07-08 14:35:16,283,stormtrooper,resistance,6,10,1,10,Ojom
2025-07-08 14:35:15,284,at-st,resistance,7,6,7,3,Socorro
2025-07-08 14:35:14,285,tie_silencer,resistance,6,6,2,5,Troiken
2025-07-08 14:35:13,286,stormtrooper,resistance,1,8,5,4,Concord Dawn
2025-07-08 14:35:12,287,x-wing,empire,9,4,3,4,Aleen Minor
2025-07-08 14:35:11,288,at-at,resistance,1,1,4,2,Skako
2025-07-08 14:35:10,289,tie_silencer,resistance,2,9,9,8,Rodia
2025-07-08 14:35:09,290,unknown,empire,8,4,6,6,Chandrila
2025-07-08 14:35:08,291,resistance_soldier,resistance,10,7,1,10,Trandosha
2025-07-08 14:35:07,292,resistance_soldier,empire,1,2,2,8,Champala
2025-07-08 14:35:06,293,unknown,resistance,8,3,1,1,Kashyyyk
2025-07-08 14:35:05,294,stormtrooper,resistance,5,2,1,8,Concord Dawn
2025-07-08 14:35:04,295,unknown,resistance,1,9,10,5,Mirial
2025-07-08 14:35:03,296,stormtrooper,resistance,9,5,7,10,Quermia
2025-07-08 14:35:02,297,at-at,empire,2,9,3,2,Eriadu
2025-07-08 14:35:01,298,tie_fighter,resistance,4,2,8,8,Troiken
2025-07-08 14:35:00,299,x-wing,resistance,3,5,10,1,Malastare
2025-07-08 14:34:59,300,stormtrooper,resistance,9,1,10,5,Iridonia
2025-07-08 14:34:58,301,x-wing,resistance,1,6,10,8,Haruun Kal
2025-07-08 14:34:57,302,at-st,empire,9,2,1,1,Vulpter
2025-07-08 14:34:56,303,at-at,resistance,4,4,2,4,Champala
2025-07-08 14:34:55,304,tie_silencer,empire,1,6,3,3,Trandosha
2025-07-08 14:34:54,305,tie_silencer,empire,9,3,9,9,Iktotch
2025-07-08 14:34:53,306,unknown,empire,10,1,9,2,Skako
2025-07-08 14:34:52,307,at-at,empire,1,5,9,2,Trandosha
2025-07-08 14:34:51,308,x-wing,empire,9,5,3,7,Concord Dawn
2025-07-08 14:34:50,309,unknown,empire,3,9,1,8,Dorin
2025-07-08 14:34:49,310,tie_fighter,empire,7,4,2,3,Quermia
2025-07-08 14:34:48,311,resistance_soldier,resistance,7,6,5,3,Kalee
2025-07-08 14:34:47,312,tie_silencer,resistance,10,8,9,9,Mon Cala
2025-07-08 14:34:46,313,stormtrooper,resistance,5,10,5,6,Sullust
2025-07-08 14:34:45,314,at-st,resistance,8,5,3,7,Vulpter
2025-07-08 14:34:44,315,x-wing,resistance,2,4,7,9,Eriadu
2025-07-08 14:34:43,316,x-wing,empire,1,5,2,10,Iktotch
2025-07-08 14:34:42,317,at-at,resistance,10,7,9,10,Kashyyyk
2025-07-08 14:34:41,318,at-st,resistance,9,10,8,3,Cerea
2025-07-08 14:34:40,319,x-wing,resistance,5,4,10,10,Kashyyyk
2025-07-08 14:34:39,320,at-at,resistance,6,4,8,3,Kalee
2025-07-08 14:34:38,321,stormtrooper,resistance,7,3,2,7,Dathomir
2025-07-08 14:34:37,322,stormtrooper,resistance,1,6,2,9,Kashyyyk
2025-07-08 14:34:36,323,at-at,resistance,3,8,5,6,Troiken
2025-07-08 14:34:35,324,at-st,empire,10,2,1,5,Tund
2025-07-08 14:34:34,325,x-wing,empire,1,1,10,9,Zolan
2025-07-08 14:34:33,326,at-at,empire,1,4,5,2,Dagobah
2025-07-08 14:34:32,327,resistance_soldier,resistance,4,8,3,4,Chandrila
2025-07-08 14:34:31,328,unknown,empire,2,4,10,10,Tund
2025-07-08 14:34:30,329,tie_silencer,resistance,2,2,5,4,Alderaan
2025-07-08 14:34:29,330,tie_fighter,empire,2,1,8,6,Dagobah
2025-07-08 14:34:28,331,tie_silencer,resistance,1,3,5,6,Iktotch
2025-07-08 14:34:27,332,stormtrooper,empire,5,8,4,4,Dorin
2025-07-08 14:34:26,333,at-at,resistance,2,8,2,1,Malastare
2025-07-08 14:34:25,334,at-st,resistance,5,4,10,4,Kashyyyk
2025-07-08 14:34:24,335,resistance_soldier,resistance,7,5,3,6,Quermia
2025-07-08 14:34:23,336,resistance_soldier,empire,5,1,1,5,Vulpter
2025-07-08 14:34:22,337,stormtrooper,empire,3,10,8,1,Aleen Minor
2025-07-08 14:34:21,338,resistance_soldier,empire,5,1,6,2,Corellia
2025-07-08 14:34:20,339,tie_silencer,empire,10,8,1,2,Champala
2025-07-08 14:34:19,340,at-st,resistance,9,7,9,9,Skako
2025-07-08 14:34:18,341,unknown,resistance,7,6,3,3,Bestine IV
2025-07-08 14:34:17,342,unknown,resistance,4,4,2,9,Rodia
2025-07-08 14:34:16,343,at-at,resistance,7,6,3,10,Cerea
2025-07-08 14:34:15,344,x-wing,empire,7,9,5,8,Tatooine
2025-07-08 14:34:14,345,stormtrooper,resistance,10,5,8,10,Naboo
2025-07-08 14:34:13,346,resistance_soldier,resistance,7,5,10,9,Kalee
2025-07-08 14:34:12,347,tie_silencer,empire,8,10,6,7,Tund
2025-07-08 14:34:11,348,resistance_soldier,resistance,2,1,5,3,Quermia
2025-07-08 14:34:10,349,at-st,empire,2,9,2,2,Tatooine
2025-07-08 14:34:09,350,unknown,resistance,1,6,7,5,Troiken
2025-07-08 14:34:08,351,x-wing,resistance,3,2,9,7,Mon Cala
2025-07-08 14:34:07,352,tie_silencer,empire,5,4,5,7,Malastare
2025-07-08 14:34:06,353,at-st,resistance,3,2,3,4,Toydaria
2025-07-08 14:34:05,354,at-at,resistance,5,6,4,9,Kalee
2025-07-08 14:34:04,355,at-at,empire,8,6,2,1,Tatooine
2025-07-08 14:34:03,356,stormtrooper,resistance,8,8,7,7,Aleen Minor
2025-07-08 14:34:02,357,unknown,empire,4,7,4,5,Rodia
2025-07-08 14:34:01,358,stormtrooper,resistance,3,3,2,3,Iridonia
2025-07-08 14:34:00,359,stormtrooper,resistance,1,9,8,7,Trandosha
2025-07-08 14:33:59,360,at-st,resistance,2,5,4,4,Malastare
2025-07-08 14:33:58,361,tie_silencer,resistance,2,5,10,1,Iridonia
2025-07-08 14:33:57,362,at-st,empire,5,2,9,4,Concord Dawn
2025-07-08 14:33:56,363,tie_fighter,resistance,8,1,1,6,Socorro
2025-07-08 14:33:55,364,at-at,empire,10,8,3,1,Skako
2025-07-08 14:33:54,365,stormtrooper,resistance,9,2,9,6,Ryloth
2025-07-08 14:33:53,366,tie_silencer,resistance,2,5,4,4,Naboo
2025-07-08 14:33:52,367,tie_fighter,empire,9,1,5,7,Tholoth
2025-07-08 14:33:51,368,x-wing,resistance,8,4,10,3,Iridonia
2025-07-08 14:33:50,369,at-st,empire,2,3,2,6,Vulpter
2025-07-08 14:33:49,370,at-at,empire,2,8,6,7,Trandosha
2025-07-08 14:33:48,371,stormtrooper,resistance,4,2,5,6,Troiken
2025-07-08 14:33:47,372,resistance_soldier,resistance,9,6,8,9,Shili
2025-07-08 14:33:46,373,x-wing,resistance,10,7,9,7,Dathomir
2025-07-08 14:33:45,374,stormtrooper,empire,2,7,5,2,Mirial
2025-07-08 14:33:44,375,stormtrooper,resistance,10,8,1,5,Dathomir
2025-07-08 14:33:43,376,x-wing,resistance,7,5,4,3,Mirial
2025-07-08 14:33:42,377,stormtrooper,resistance,4,4,9,1,Socorro
2025-07-08 14:33:41,378,x-wing,resistance,5,5,9,1,Umbara
2025-07-08 14:33:40,379,at-st,resistance,2,9,6,10,Skako
2025-07-08 14:33:39,380,x-wing,empire,5,9,1,8,Toydaria
2025-07-08 14:33:38,381,x-wing,empire,8,3,8,5,Chandrila
2025-07-08 14:33:37,382,tie_fighter,resistance,7,8,6,9,Troiken
2025-07-08 14:33:36,383,at-at,empire,2,10,7,2,Toydaria
2025-07-08 14:33:35,384,unknown,empire,10,10,1,6,Toydaria
2025-07-08 14:33:34,385,stormtrooper,resistance,3,4,4,1,Iridonia
2025-07-08 14:33:33,386,x-wing,resistance,4,2,1,8,Shili
2025-07-08 14:33:32,387,resistance_soldier,empire,9,9,4,7,Troiken
2025-07-08 14:33:31,388,x-wing,resistance,5,6,4,2,Alderaan
2025-07-08 14:33:30,389,tie_silencer,empire,6,6,6,9,Haruun Kal
2025-07-08 14:33:29,390,at-st,empire,7,3,8,8,Trandosha
2025-07-08 14:33:28,391,x-wing,resistance,2,7,10,4,Mirial
2025-07-08 14:33:27,392,tie_fighter,empire,1,8,3,9,Corellia
2025-07-08 14:33:26,393,tie_silencer,empire,4,2,10,6,Troiken
2025-07-08 14:33:25,394,resistance_soldier,empire,6,2,3,1,Umbara
2025-07-08 14:33:24,395,unknown,resistance,6,2,2,2,Trandosha
2025-07-08 14:33:23,396,tie_fighter,empire,8,6,1,6,Corellia
2025-07-08 14:33:22,397,x-wing,empire,7,4,8,6,Concord Dawn
2025-07-08 14:33:21,398,at-at,empire,7,6,3,4,Toydaria
2025-07-08 14:33:20,399,resistance_soldier,resistance,3,3,9,4,Iktotch
2025-07-08 14:33:19,400,tie_silencer,resistance,3,2,10,4,Mirial
2025-07-08 14:33:18,401,at-at,empire,2,9,9,1,Malastare
2025-07-08 14:33:17,402,tie_fighter,empire,4,1,10,7,Troiken
2025-07-08 14:33:16,403,tie_silencer,empire,9,2,2,3,Muunilinst
2025-07-08 14:33:15,404,at-at,empire,6,3,10,3,Dagobah
2025-07-08 14:33:14,405,tie_fighter,empire,2,10,2,3,Naboo
2025-07-08 14:33:13,406,at-st,resistance,5,5,3,1,Dathomir
2025-07-08 14:33:12,407,unknown,resistance,5,3,5,10,Glee Anselm
2025-07-08 14:33:11,408,at-at,resistance,3,9,9,2,Vulpter
2025-07-08 14:33:10,409,at-st,resistance,7,8,4,2,Mirial
2025-07-08 14:33:09,410,at-at,resistance,8,2,1,10,Alderaan
2025-07-08 14:33:08,411,unknown,resistance,1,9,10,2,Champala
2025-07-08 14:33:07,412,at-at,resistance,7,1,2,4,Malastare
2025-07-08 14:33:06,413,at-at,resistance,3,3,2,5,Stewjon
2025-07-08 14:33:05,414,resistance_soldier,resistance,10,4,8,1,Aleen Minor
2025-07-08 14:33:04,415,at-at,resistance,7,8,7,8,Zolan
2025-07-08 14:33:03,416,x-wing,empire,8,7,10,2,Malastare
2025-07-08 14:33:02,417,stormtrooper,empire,9,4,3,4,Ojom
2025-07-08 14:33:01,418,at-at,empire,3,5,3,1,Serenno
2025-07-08 14:33:00,419,unknown,empire,10,6,8,7,Stewjon
2025-07-08 14:32:59,420,tie_fighter,resistance,9,5,10,6,Dorin
2025-07-08 14:32:58,421,stormtrooper,empire,3,3,5,10,Vulpter
2025-07-08 14:32:57,422,at-st,resistance,9,3,10,6,Iridonia
2025-07-08 14:32:56,423,at-at,empire,6,8,2,1,Muunilinst
2025-07-08 14:32:55,424,resistance_soldier,empire,9,7,6,2,Muunilinst
2025-07-08 14:32:54,425,at-st,resistance,4,3,5,5,Zolan
2025-07-08 14:32:53,426,at-st,resistance,8,3,9,3,Eriadu
2025-07-08 14:32:52,427,at-at,resistance,4,3,9,8,Naboo
2025-07-08 14:32:51,428,unknown,empire,10,2,6,1,Skako
2025-07-08 14:32:50,429,resistance_soldier,resistance,6,6,8,2,Aleen Minor
2025-07-08 14:32:49,430,tie_fighter,empire,5,5,3,3,Malastare
2025-07-08 14:32:48,431,x-wing,resistance,6,3,2,10,Glee Anselm
2025-07-08 14:32:47,432,x-wing,empire,7,1,3,3,Serenno
2025-07-08 14:32:46,433,resistance_soldier,resistance,8,10,10,7,Umbara
2025-07-08 14:32:45,434,stormtrooper,resistance,6,1,5,5,Tholoth
2025-07-08 14:32:44,435,stormtrooper,empire,1,9,3,6,Malastare
2025-07-08 14:32:43,436,tie_fighter,resistance,8,4,6,7,Haruun Kal
2025-07-08 14:32:42,437,x-wing,resistance,4,6,10,9,Dathomir
2025-07-08 14:32:41,438,at-st,empire,5,2,1,3,Shili
2025-07-08 14:32:40,439,x-wing,resistance,7,1,5,10,Chandrila
2025-07-08 14:32:39,440,stormtrooper,empire,9,6,10,7,Mirial
2025-07-08 14:32:38,441,at-st,resistance,10,10,3,1,Dorin
2025-07-08 14:32:37,442,resistance_soldier,empire,8,6,10,10,Malastare
2025-07-08 14:32:36,443,tie_silencer,resistance,9,1,8,8,Iktotch
2025-07-08 14:32:35,444,at-at,resistance,2,9,5,1,Sullust
2025-07-08 14:32:34,445,x-wing,empire,6,10,6,6,Rodia
2025-07-08 14:32:33,446,resistance_soldier,empire,8,9,4,2,Chandrila
2025-07-08 14:32:32,447,unknown,empire,9,1,8,3,Eriadu
2025-07-08 14:32:31,448,x-wing,empire,10,10,5,3,Concord Dawn
2025-07-08 14:32:30,449,tie_fighter,empire,10,1,7,1,Corellia
2025-07-08 14:32:29,450,tie_fighter,empire,6,3,7,9,Socorro
2025-07-08 14:32:28,451,at-st,resistance,9,1,8,7,Socorro
2025-07-08 14:32:27,452,resistance_soldier,empire,7,9,1,4,Serenno
2025-07-08 14:32:26,453,stormtrooper,empire,4,9,7,7,Tund
2025-07-08 14:32:25,454,stormtrooper,resistance,7,4,6,3,Aleen Minor
2025-07-08 14:32:24,455,at-at,resistance,8,8,7,4,Malastare
2025-07-08 14:32:23,456,resistance_soldier,empire,8,10,3,2,Zolan
2025-07-08 14:32:22,457,tie_fighter,empire,5,8,5,1,Muunilinst
2025-07-08 14:32:21,458,resistance_soldier,empire,7,3,5,2,Cerea
2025-07-08 14:32:20,459,resistance_soldier,empire,3,9,9,9,Naboo
2025-07-08 14:32:19,460,at-st,resistance,4,9,1,5,Mirial
2025-07-08 14:32:18,461,at-at,empire,5,8,9,7,Dagobah
2025-07-08 14:32:17,462,at-st,empire,4,2,9,6,Concord Dawn
2025-07-08 14:32:16,463,tie_fighter,resistance,7,9,9,10,Sullust
2025-07-08 14:32:15,464,x-wing,resistance,3,3,9,1,Mon Cala
2025-07-08 14:32:14,465,at-at,empire,1,6,7,3,Troiken
2025-07-08 14:32:13,466,stormtrooper,empire,6,9,1,10,Bestine IV
2025-07-08 14:32:12,467,x-wing,resistance,4,8,6,1,Chandrila
2025-07-08 14:32:11,468,at-at,resistance,5,4,7,1,Mirial
2025-07-08 14:32:10,469,at-st,resistance,5,4,7,9,Tund
2025-07-08 14:32:09,470,at-at,empire,7,4,7,7,Tund
2025-07-08 14:32:08,471,tie_silencer,resistance,6,4,9,1,Bestine IV
2025-07-08 14:32:07,472,stormtrooper,empire,8,4,6,2,Zolan
2025-07-08 14:32:06,473,tie_fighter,resistance,10,10,10,4,Malastare
2025-07-08 14:32:05,474,x-wing,resistance,9,6,2,8,Malastare
2025-07-08 14:32:04,475,tie_silencer,empire,3,5,10,7,Ojom
2025-07-08 14:32:03,476,resistance_soldier,empire,8,6,1,6,Aleen Minor
2025-07-08 14:32:02,477,unknown,resistance,1,10,1,1,Mirial
2025-07-08 14:32:01,478,tie_silencer,empire,5,8,9,7,Vulpter
2025-07-08 14:32:00,479,stormtrooper,empire,1,3,7,3,Concord Dawn
2025-07-08 14:31:59,480,unknown,resistance,5,4,5,10,Quermia
2025-07-08 14:31:58,481,x-wing,resistance,6,5,3,5,Aleen Minor
2025-07-08 14:31:57,482,at-st,resistance,10,9,7,6,Naboo
2025-07-08 14:31:56,483,unknown,resistance,4,5,3,2,Toydaria
2025-07-08 14:31:55,484,x-wing,resistance,8,1,7,1,Shili
2025-07-08 14:31:54,485,stormtrooper,empire,5,5,10,2,Dagobah
2025-07-08 14:31:53,486,at-st,empire,9,3,8,4,Corellia
2025-07-08 14:31:52,487,x-wing,resistance,5,9,2,6,Ojom
2025-07-08 14:31:51,488,tie_silencer,resistance,6,5,3,5,Iridonia
2025-07-08 14:31:50,489,at-st,empire,4,5,1,5,Socorro
2025-07-08 14:31:49,490,unknown,empire,9,3,3,1,Corellia
2025-07-08 14:31:48,491,unknown,empire,7,9,7,4,Cerea
2025-07-08 14:31:47,492,x-wing,empire,2,9,3,9,Champala
2025-07-08 14:31:46,493,tie_silencer,empire,1,3,5,8,Glee Anselm
2025-07-08 14:31:45,494,tie_silencer,empire,10,9,1,10,Champala
2025-07-08 14:31:44,495,stormtrooper,resistance,4,4,4,1,Naboo
2025-07-08 14:31:43,496,stormtrooper,resistance,3,1,7,6,Kalee
2025-07-08 14:31:42,497,at-st,empire,8,4,9,8,Aleen Minor
2025-07-08 14:31:41,498,tie_fighter,resistance,8,1,6,2,Iridonia
2025-07-08 14:31:40,499,stormtrooper,empire,7,1,10,9,Muunilinst
2025-07-08 14:31:39,500,at-st,empire,4,2,7,7,Concord Dawn
2025-07-08 14:31:38,501,stormtrooper,empire,5,5,7,2,Stewjon
2025-07-08 14:31:37,502,unknown,empire,3,9,6,7,Ryloth
2025-07-08 14:31:36,503,at-st,resistance,6,2,6,3,Bestine IV
2025-07-08 14:31:35,504,at-at,empire,1,4,2,4,Iktotch
2025-07-08 14:31:34,505,at-at,empire,6,6,2,1,Shili
2025-07-08 14:31:33,506,at-st,resistance,2,3,2,7,Ojom
2025-07-08 14:31:32,507,tie_silencer,empire,4,4,6,5,Champala
2025-07-08 14:31:31,508,at-at,resistance,9,3,4,1,Sullust
2025-07-08 14:31:30,509,x-wing,resistance,5,10,5,9,Malastare
2025-07-08 14:31:29,510,resistance_soldier,empire,10,4,9,1,Aleen Minor
2025-07-08 14:31:28,511,at-at,resistance,4,3,5,8,Trandosha
2025-07-08 14:31:27,512,unknown,empire,2,2,1,5,Trandosha
2025-07-08 14:31:26,513,stormtrooper,empire,8,7,10,9,Tholoth
2025-07-08 14:31:25,514,at-at,empire,4,8,2,1,Haruun Kal
2025-07-08 14:31:24,515,resistance_soldier,empire,5,5,6,10,Trandosha
2025-07-08 14:31:23,516,x-wing,empire,3,7,4,9,Aleen Minor
2025-07-08 14:31:22,517,at-at,resistance,8,8,4,5,Iktotch
2025-07-08 14:31:21,518,stormtrooper,empire,8,5,2,8,Trandosha
2025-07-08 14:31:20,519,tie_fighter,empire,3,6,5,4,Rodia
2025-07-08 14:31:19,520,unknown,resistance,7,8,6,9,Alderaan
2025-07-08 14:31:18,521,tie_silencer,empire,3,3,1,5,Naboo
2025-07-08 14:31:17,522,x-wing,resistance,5,9,1,6,Vulpter
2025-07-08 14:31:16,523,at-at,resistance,5,4,7,4,Chandrila
2025-07-08 14:31:15,524,resistance_soldier,empire,4,10,9,5,Serenno
2025-07-08 14:31:14,525,tie_fighter,empire,1,5,1,3,Trandosha
2025-07-08 14:31:13,526,tie_fighter,resistance,9,1,8,1,Eriadu
2025-07-08 14:31:12,527,resistance_soldier,resistance,10,4,8,2,Troiken
2025-07-08 14:31:11,528,unknown,resistance,9,9,5,9,Dagobah
2025-07-08 14:31:10,529,tie_silencer,empire,2,3,5,6,Muunilinst
2025-07-08 14:31:09,530,x-wing,empire,8,5,8,1,Dorin
2025-07-08 14:31:08,531,unknown,empire,3,1,9,6,Vulpter
2025-07-08 14:31:07,532,tie_fighter,resistance,3,7,4,3,Chandrila
2025-07-08 14:31:06,533,at-st,resistance,10,8,8,10,Chandrila
2025-07-08 14:31:05,534,x-wing,empire,8,9,4,7,Socorro
2025-07-08 14:31:04,535,at-at,empire,8,1,8,10,Corellia
2025-07-08 14:31:03,536,unknown,empire,9,3,10,5,Tatooine
2025-07-08 14:31:02,537,at-at,resistance,8,10,4,2,Vulpter
2025-07-08 14:31:01,538,tie_fighter,empire,5,2,6,6,Mirial
2025-07-08 14:31:00,539,at-st,empire,2,7,6,5,Concord Dawn
2025-07-08 14:30:59,540,x-wing,empire,4,1,2,8,Serenno
2025-07-08 14:30:58,541,resistance_soldier,resistance,9,2,1,5,Socorro
2025-07-08 14:30:57,542,unknown,resistance,7,8,2,8,Shili
2025-07-08 14:30:56,543,unknown,resistance,4,6,2,9,Dorin
2025-07-08 14:30:55,544,unknown,empire,5,2,3,7,Rodia
2025-07-08 14:30:54,545,stormtrooper,empire,6,2,10,2,Skako
2025-07-08 14:30:53,546,at-at,resistance,10,6,7,1,Trandosha
2025-07-08 14:30:52,547,x-wing,resistance,10,5,8,10,Alderaan
2025-07-08 14:30:51,548,at-st,resistance,9,4,4,2,Haruun Kal
2025-07-08 14:30:50,549,x-wing,resistance,1,10,9,5,Concord Dawn
2025-07-08 14:30:49,550,tie_fighter,resistance,8,8,1,4,Iridonia
2025-07-08 14:30:48,551,unknown,empire,3,3,7,9,Naboo
2025-07-08 14:30:47,552,stormtrooper,resistance,6,8,1,10,Iktotch
2025-07-08 14:30:46,553,at-st,resistance,7,9,8,5,Mirial
2025-07-08 14:30:45,554,resistance_soldier,empire,5,6,7,4,Ryloth
2025-07-08 14:30:44,555,at-at,resistance,3,1,2,3,Iridonia
2025-07-08 14:30:43,556,resistance_soldier,resistance,10,1,4,3,Skako
2025-07-08 14:30:42,557,at-st,resistance,8,7,3,8,Dorin
2025-07-08 14:30:41,558,tie_silencer,empire,1,10,8,10,Skako
2025-07-08 14:30:40,559,unknown,resistance,4,5,8,6,Umbara
2025-07-08 14:30:39,560,resistance_soldier,resistance,5,2,6,2,Champala
2025-07-08 14:30:38,561,tie_fighter,resistance,4,4,7,10,Kalee
2025-07-08 14:30:37,562,x-wing,resistance,1,4,7,2,Ryloth
2025-07-08 14:30:36,563,resistance_soldier,empire,8,6,9,8,Ryloth
2025-07-08 14:30:35,564,resistance_soldier,empire,7,9,6,3,Vulpter
2025-07-08 14:30:34,565,resistance_soldier,empire,2,5,7,6,Cerea
2025-07-08 14:30:33,566,unknown,resistance,10,4,6,9,Corellia
2025-07-08 14:30:32,567,tie_fighter,resistance,8,8,9,3,Ojom
2025-07-08 14:30:31,568,resistance_soldier,resistance,3,9,8,9,Toydaria
2025-07-08 14:30:30,569,stormtrooper,resistance,3,6,9,10,Socorro
2025-07-08 14:30:29,570,stormtrooper,resistance,2,2,3,9,Eriadu
2025-07-08 14:30:28,571,resistance_soldier,empire,3,4,7,2,Dagobah
2025-07-08 14:30:27,572,tie_silencer,empire,1,9,2,8,Troiken
2025-07-08 14:30:26,573,tie_silencer,empire,6,7,3,4,Cerea
2025-07-08 14:30:25,574,at-st,empire,10,2,5,1,Dagobah
2025-07-08 14:30:24,575,tie_silencer,resistance,1,6,6,9,Ryloth
2025-07-08 14:30:23,576,unknown,resistance,2,2,3,8,Tatooine
2025-07-08 14:30:22,577,at-st,empire,6,3,3,1,Stewjon
2025-07-08 14:30:21,578,x-wing,resistance,5,9,5,5,Kalee
2025-07-08 14:30:20,579,at-at,empire,2,5,4,1,Skako
2025-07-08 14:30:19,580,x-wing,resistance,3,3,2,6,Toydaria
2025-07-08 14:30:18,581,resistance_soldier,resistance,8,3,3,4,Quermia
2025-07-08 14:30:17,582,tie_fighter,resistance,4,1,8,1,Chandrila
2025-07-08 14:30:16,583,tie_silencer,empire,4,8,7,9,Troiken
2025-07-08 14:30:15,584,x-wing,resistance,10,3,2,10,Malastare
2025-07-08 14:30:14,585,at-at,resistance,8,6,1,7,Glee Anselm
2025-07-08 14:30:13,586,at-at,empire,8,9,9,6,Muunilinst
2025-07-08 14:30:12,587,at-st,empire,9,10,10,7,Ojom
2025-07-08 14:30:11,588,tie_silencer,empire,4,5,1,8,Kalee
2025-07-08 14:30:10,589,at-at,resistance,6,2,4,1,Sullust
2025-07-08 14:30:09,590,tie_silencer,empire,8,9,1,6,Haruun Kal
2025-07-08 14:30:08,591,at-st,empire,7,10,4,8,Aleen Minor
2025-07-08 14:30:07,592,tie_silencer,empire,5,8,4,3,Muunilinst
2025-07-08 14:30:06,593,stormtrooper,resistance,8,4,3,10,Umbara
2025-07-08 14:30:05,594,at-at,resistance,8,3,9,1,Chandrila
2025-07-08 14:30:04,595,unknown,empire,10,10,6,1,Champala
2025-07-08 14:30:03,596,at-at,resistance,2,1,9,5,Kashyyyk
2025-07-08 14:30:02,597,unknown,resistance,6,1,3,6,Quermia
2025-07-08 14:30:01,598,unknown,empire,8,3,6,8,Ojom
2025-07-08 14:30:00,599,resistance_soldier,empire,9,6,3,3,Troiken
2025-07-08 14:29:59,600,tie_fighter,resistance,8,10,1,4,Mon Cala
2025-07-08 14:29:58,601,x-wing,empire,1,10,7,1,Eriadu
2025-07-08 14:29:57,602,at-st,resistance,5,10,9,1,Umbara
2025-07-08 14:29:56,603,tie_silencer,resistance,3,3,4,1,Socorro
2025-07-08 14:29:55,604,at-st,resistance,5,1,3,1,Bestine IV
2025-07-08 14:29:54,605,x-wing,empire,9,2,10,6,Toydaria
2025-07-08 14:29:53,606,unknown,empire,2,10,4,1,Serenno
2025-07-08 14:29:52,607,at-at,empire,8,5,2,8,Muunilinst
2025-07-08 14:29:51,608,tie_silencer,resistance,4,10,10,10,Kalee
2025-07-08 14:29:50,609,unknown,resistance,1,5,2,5,Dathomir
2025-07-08 14:29:49,610,unknown,resistance,6,8,6,8,Naboo
2025-07-08 14:29:48,611,tie_fighter,resistance,1,2,5,6,Haruun Kal
2025-07-08 14:29:47,612,unknown,resistance,2,5,8,9,Socorro
2025-07-08 14:29:46,613,at-st,empire,4,8,3,7,Socorro
2025-07-08 14:29:45,614,at-st,empire,8,7,8,3,Dorin
2025-07-08 14:29:44,615,resistance_soldier,resistance,3,8,9,4,Shili
2025-07-08 14:29:43,616,at-st,resistance,5,9,1,9,Serenno
2025-07-08 14:29:42,617,stormtrooper,empire,5,6,7,1,Trandosha
2025-07-08 14:29:41,618,resistance_soldier,resistance,3,10,7,8,Kalee
2025-07-08 14:29:40,619,at-st,empire,6,7,7,4,Toydaria
2025-07-08 14:29:39,620,at-at,empire,6,9,8,2,Eriadu
2025-07-08 14:29:38,621,at-at,empire,5,9,10,2,Eriadu
2025-07-08 14:29:37,622,tie_silencer,empire,4,10,9,2,Dorin
2025-07-08 14:29:36,623,x-wing,empire,1,9,3,9,Zolan
2025-07-08 14:29:35,624,tie_fighter,resistance,1,9,8,4,Naboo
2025-07-08 14:29:34,625,resistance_soldier,empire,9,3,8,6,Troiken
2025-07-08 14:29:33,626,resistance_soldier,resistance,3,3,3,1,Shili
2025-07-08 14:29:32,627,unknown,resistance,6,6,2,1,Dathomir
2025-07-08 14:29:31,628,unknown,resistance,5,7,9,1,Skako
2025-07-08 14:29:30,629,resistance_soldier,empire,4,7,9,2,Mirial
2025-07-08 14:29:29,630,tie_fighter,empire,7,4,5,7,Champala
2025-07-08 14:29:28,631,at-st,empire,6,3,3,5,Corellia
2025-07-08 14:29:27,632,x-wing,empire,10,1,2,2,Trandosha
2025-07-08 14:29:26,633,unknown,empire,1,5,3,10,Ojom
2025-07-08 14:29:25,634,at-st,empire,9,4,8,2,Serenno
2025-07-08 14:29:24,635,tie_fighter,resistance,3,4,5,9,Umbara
2025-07-08 14:29:23,636,unknown,empire,3,8,3,2,Muunilinst
2025-07-08 14:29:22,637,at-st,empire,9,2,8,5,Tatooine
2025-07-08 14:29:21,638,at-at,empire,3,3,3,5,Tatooine
2025-07-08 14:29:20,639,at-st,empire,6,6,7,8,Stewjon
2025-07-08 14:29:19,640,unknown,empire,4,4,7,9,Iridonia
2025-07-08 14:29:18,641,at-st,empire,8,4,9,5,Aleen Minor
2025-07-08 14:29:17,642,at-st,resistance,10,6,2,8,Dorin
2025-07-08 14:29:16,643,unknown,resistance,2,5,4,1,Alderaan
2025-07-08 14:29:15,644,at-at,resistance,6,5,9,8,Zolan
2025-07-08 14:29:14,645,at-st,empire,6,8,10,6,Ojom
2025-07-08 14:29:13,646,resistance_soldier,resistance,4,2,9,10,Tatooine
2025-07-08 14:29:12,647,at-at,empire,8,4,7,9,Eriadu
2025-07-08 14:29:11,648,tie_fighter,empire,7,3,10,10,Champala
2025-07-08 14:29:10,649,stormtrooper,empire,10,5,8,5,Skako
2025-07-08 14:29:09,650,resistance_soldier,resistance,1,10,3,7,Kalee
2025-07-08 14:29:08,651,x-wing,empire,6,10,10,1,Quermia
2025-07-08 14:29:07,652,stormtrooper,resistance,9,4,1,5,Iridonia
2025-07-08 14:29:06,653,resistance_soldier,resistance,3,9,8,1,Cerea
2025-07-08 14:29:05,654,x-wing,empire,1,8,5,8,Trandosha
2025-07-08 14:29:04,655,stormtrooper,resistance,10,10,8,5,Ojom
2025-07-08 14:29:03,656,x-wing,resistance,2,4,7,8,Glee Anselm
2025-07-08 14:29:02,657,unknown,empire,6,4,7,3,Dagobah
2025-07-08 14:29:01,658,at-at,resistance,7,8,6,1,Tund
2025-07-08 14:29:00,659,resistance_soldier,empire,6,3,7,3,Stewjon
2025-07-08 14:28:59,660,at-st,empire,1,9,10,6,Tatooine
2025-07-08 14:28:58,661,x-wing,resistance,7,1,5,4,Ojom
2025-07-08 14:28:57,662,stormtrooper,empire,10,8,7,2,Troiken
2025-07-08 14:28:56,663,resistance_soldier,empire,6,7,1,4,Toydaria
2025-07-08 14:28:55,664,at-st,resistance,1,1,1,7,Concord Dawn
2025-07-08 14:28:54,665,at-at,empire,8,8,4,7,Toydaria
2025-07-08 14:28:53,666,tie_silencer,empire,3,9,6,5,Champala
2025-07-08 14:28:52,667,stormtrooper,empire,10,5,8,10,Corellia
2025-07-08 14:28:51,668,x-wing,resistance,4,7,8,8,Iridonia
2025-07-08 14:28:50,669,x-wing,resistance,5,3,2,1,Sullust
2025-07-08 14:28:49,670,at-at,resistance,3,6,7,4,Chandrila
2025-07-08 14:28:48,671,x-wing,resistance,8,7,3,2,Champala
2025-07-08 14:28:47,672,stormtrooper,empire,6,4,4,3,Haruun Kal
2025-07-08 14:28:46,673,unknown,resistance,3,3,8,10,Quermia
2025-07-08 14:28:45,674,tie_silencer,resistance,4,1,2,1,Glee Anselm
2025-07-08 14:28:44,675,unknown,resistance,8,2,7,8,Iridonia
2025-07-08 14:28:43,676,at-st,empire,4,10,4,3,Toydaria
2025-07-08 14:28:42,677,stormtrooper,resistance,3,7,10,2,Umbara
2025-07-08 14:28:41,678,tie_fighter,empire,8,10,4,7,Bestine IV
2025-07-08 14:28:40,679,resistance_soldier,resistance,8,5,7,1,Mon Cala
2025-07-08 14:28:39,680,at-at,resistance,9,2,6,2,Bestine IV
2025-07-08 14:28:38,681,tie_fighter,empire,1,7,6,2,Mirial
2025-07-08 14:28:37,682,at-st,empire,8,5,1,3,Iktotch
2025-07-08 14:28:36,683,resistance_soldier,empire,6,7,6,4,Tund
2025-07-08 14:28:35,684,at-at,resistance,3,6,10,2,Naboo
2025-07-08 14:28:34,685,stormtrooper,resistance,7,7,10,6,Naboo
2025-07-08 14:28:33,686,resistance_soldier,empire,1,2,9,9,Rodia
2025-07-08 14:28:32,687,at-at,resistance,3,7,5,6,Socorro
2025-07-08 14:28:31,688,tie_silencer,resistance,3,4,10,8,Dathomir
2025-07-08 14:28:30,689,unknown,empire,3,5,9,5,Kashyyyk
2025-07-08 14:28:29,690,stormtrooper,resistance,10,8,4,3,Eriadu
2025-07-08 14:28:28,691,unknown,resistance,10,5,8,10,Ryloth
2025-07-08 14:28:27,692,tie_fighter,empire,1,7,8,4,Corellia
2025-07-08 14:28:26,693,at-at,empire,1,4,6,4,Dathomir
2025-07-08 14:28:25,694,at-st,resistance,9,7,4,4,Dathomir
2025-07-08 14:28:24,695,at-at,empire,4,5,3,2,Dorin
2025-07-08 14:28:23,696,x-wing,empire,2,7,6,1,Stewjon
2025-07-08 14:28:22,697,unknown,empire,6,4,4,2,Naboo
2025-07-08 14:28:21,698,x-wing,empire,9,2,8,1,Vulpter
2025-07-08 14:28:20,699,resistance_soldier,empire,3,6,7,8,Dorin
2025-07-08 14:28:19,700,x-wing,empire,7,10,7,5,Bestine IV
2025-07-08 14:28:18,701,tie_silencer,empire,3,9,4,4,Dorin
2025-07-08 14:28:17,702,resistance_soldier,empire,8,7,1,4,Corellia
2025-07-08 14:28:16,703,resistance_soldier,resistance,4,1,9,10,Cerea
2025-07-08 14:28:15,704,tie_fighter,empire,1,2,3,10,Corellia
2025-07-08 14:28:14,705,unknown,resistance,1,4,4,4,Bestine IV
2025-07-08 14:28:13,706,tie_fighter,resistance,6,2,1,4,Toydaria
2025-07-08 14:28:12,707,at-at,resistance,8,9,2,3,Aleen Minor
2025-07-08 14:28:11,708,unknown,resistance,7,10,3,2,Zolan
2025-07-08 14:28:10,709,x-wing,empire,9,7,8,2,Kalee
2025-07-08 14:28:09,710,tie_fighter,empire,2,7,5,7,Malastare
2025-07-08 14:28:08,711,unknown,empire,7,5,3,3,Aleen Minor
2025-07-08 14:28:07,712,at-st,empire,7,6,5,8,Glee Anselm
2025-07-08 14:28:06,713,unknown,empire,8,4,5,2,Serenno
2025-07-08 14:28:05,714,at-at,empire,7,1,2,3,Iridonia
2025-07-08 14:28:04,715,tie_silencer,empire,6,10,8,5,Dagobah
2025-07-08 14:28:03,716,tie_silencer,empire,9,10,5,3,Dagobah
2025-07-08 14:28:02,717,at-at,resistance,4,9,10,3,Iridonia
2025-07-08 14:28:01,718,at-st,resistance,8,2,9,10,Zolan
2025-07-08 14:28:00,719,unknown,empire,4,7,10,5,Glee Anselm
2025-07-08 14:27:59,720,tie_silencer,resistance,8,5,2,3,Naboo
2025-07-08 14:27:58,721,stormtrooper,empire,7,1,1,4,Dorin
2025-07-08 14:27:57,722,x-wing,empire,3,4,10,9,Socorro
2025-07-08 14:27:56,723,at-st,resistance,6,10,8,1,Troiken
2025-07-08 14:27:55,724,stormtrooper,empire,1,4,1,3,Champala
2025-07-08 14:27:54,725,resistance_soldier,empire,8,9,9,5,Cerea
2025-07-08 14:27:53,726,resistance_soldier,resistance,7,3,4,10,Socorro
2025-07-08 14:27:52,727,resistance_soldier,resistance,6,7,2,5,Sullust
2025-07-08 14:27:51,728,at-st,resistance,1,1,5,2,Bestine IV
2025-07-08 14:27:50,729,resistance_soldier,resistance,5,2,10,7,Iridonia
2025-07-08 14:27:49,730,x-wing,empire,3,6,4,3,Ojom
2025-07-08 14:27:48,731,resistance_soldier,resistance,9,6,4,3,Concord Dawn
2025-07-08 14:27:47,732,at-st,empire,7,8,2,7,Tatooine
2025-07-08 14:27:46,733,at-at,resistance,7,4,8,1,Rodia
2025-07-08 14:27:45,734,at-at,resistance,9,6,1,3,Iridonia
2025-07-08 14:27:44,735,stormtrooper,resistance,1,3,2,9,Ryloth
2025-07-08 14:27:43,736,tie_fighter,resistance,6,5,7,3,Dathomir
2025-07-08 14:27:42,737,stormtrooper,resistance,7,4,4,10,Kashyyyk
2025-07-08 14:27:41,738,resistance_soldier,empire,3,5,9,5,Cerea
2025-07-08 14:27:40,739,x-wing,resistance,6,10,8,5,Champala
2025-07-08 14:27:39,740,stormtrooper,resistance,7,6,3,6,Socorro
2025-07-08 14:27:38,741,stormtrooper,resistance,10,6,2,5,Corellia
2025-07-08 14:27:37,742,at-st,empire,9,8,6,8,Trandosha
2025-07-08 14:27:36,743,resistance_soldier,empire,4,3,9,7,Champala
2025-07-08 14:27:35,744,at-st,empire,2,7,2,4,Aleen Minor
2025-07-08 14:27:34,745,x-wing,resistance,1,6,9,6,Naboo
2025-07-08 14:27:33,746,at-st,resistance,7,4,2,5,Kalee
2025-07-08 14:27:32,747,stormtrooper,resistance,7,2,7,3,Troiken
2025-07-08 14:27:31,748,stormtrooper,empire,8,8,2,2,Trandosha
2025-07-08 14:27:30,749,unknown,resistance,4,5,6,8,Socorro
2025-07-08 14:27:29,750,stormtrooper,empire,1,10,4,3,Dagobah
2025-07-08 14:27:28,751,x-wing,resistance,10,7,2,6,Iktotch
2025-07-08 14:27:27,752,tie_fighter,resistance,6,3,7,4,Vulpter
2025-07-08 14:27:26,753,at-at,resistance,6,8,1,6,Alderaan
2025-07-08 14:27:25,754,x-wing,empire,4,8,7,10,Trandosha
2025-07-08 14:27:24,755,unknown,empire,1,10,9,6,Toydaria
2025-07-08 14:27:23,756,resistance_soldier,resistance,7,3,5,10,Troiken
2025-07-08 14:27:22,757,tie_silencer,empire,2,6,9,10,Stewjon
2025-07-08 14:27:21,758,unknown,resistance,9,9,6,2,Tholoth
2025-07-08 14:27:20,759,tie_fighter,resistance,3,9,3,8,Alderaan
2025-07-08 14:27:19,760,at-st,resistance,9,9,6,8,Cerea
2025-07-08 14:27:18,761,tie_fighter,resistance,4,1,7,8,Chandrila
2025-07-08 14:27:17,762,stormtrooper,empire,9,1,5,3,Iridonia
2025-07-08 14:27:16,763,at-at,empire,7,6,8,8,Bestine IV
2025-07-08 14:27:15,764,tie_silencer,resistance,9,9,7,8,Bestine IV
2025-07-08 14:27:14,765,stormtrooper,empire,4,7,7,7,Tholoth
2025-07-08 14:27:13,766,at-st,resistance,8,10,10,3,Kashyyyk
2025-07-08 14:27:12,767,x-wing,empire,10,7,1,9,Stewjon
2025-07-08 14:27:11,768,resistance_soldier,resistance,6,5,10,9,Dorin
2025-07-08 14:27:10,769,tie_silencer,empire,6,3,7,3,Troiken
2025-07-08 14:27:09,770,at-st,resistance,8,8,3,8,Iridonia
2025-07-08 14:27:08,771,stormtrooper,resistance,1,9,3,2,Glee Anselm
2025-07-08 14:27:07,772,x-wing,empire,7,10,2,4,Malastare
2025-07-08 14:27:06,773,x-wing,resistance,8,2,2,4,Glee Anselm
2025-07-08 14:27:05,774,resistance_soldier,resistance,1,4,9,2,Ryloth
2025-07-08 14:27:04,775,at-st,resistance,5,4,4,8,Troiken
2025-07-08 14:27:03,776,tie_fighter,resistance,9,5,2,10,Sullust
2025-07-08 14:27:02,777,resistance_soldier,empire,5,9,10,4,Stewjon
2025-07-08 14:27:01,778,stormtrooper,resistance,1,1,5,3,Tholoth
2025-07-08 14:27:00,779,tie_silencer,empire,9,7,2,8,Quermia
2025-07-08 14:26:59,780,resistance_soldier,resistance,9,10,9,9,Iridonia
2025-07-08 14:26:58,781,stormtrooper,resistance,8,8,9,3,Cerea
2025-07-08 14:26:57,782,at-st,empire,6,9,10,8,Dagobah
2025-07-08 14:26:56,783,at-st,resistance,10,3,7,7,Alderaan
2025-07-08 14:26:55,784,stormtrooper,empire,8,8,4,9,Vulpter
2025-07-08 14:26:54,785,unknown,resistance,10,4,1,7,Bestine IV
2025-07-08 14:26:53,786,at-at,empire,5,8,1,5,Dorin
2025-07-08 14:26:52,787,resistance_soldier,resistance,5,7,2,3,Cerea
2025-07-08 14:26:51,788,x-wing,resistance,1,5,10,10,Shili
2025-07-08 14:26:50,789,at-st,empire,7,8,5,4,Concord Dawn
2025-07-08 14:26:49,790,unknown,resistance,10,6,2,2,Mon Cala
2025-07-08 14:26:48,791,stormtrooper,empire,6,2,1,9,Skako
2025-07-08 14:26:47,792,stormtrooper,resistance,10,1,4,1,Tatooine
2025-07-08 14:26:46,793,tie_fighter,empire,7,1,10,9,Toydaria
2025-07-08 14:26:45,794,unknown,empire,3,1,7,10,Stewjon
2025-07-08 14:26:44,795,resistance_soldier,resistance,7,2,9,3,Bestine IV
2025-07-08 14:26:43,796,x-wing,resistance,8,1,9,8,Iridonia
2025-07-08 14:26:42,797,x-wing,resistance,3,6,4,3,Sullust
2025-07-08 14:26:41,798,unknown,empire,7,9,2,9,Skako
2025-07-08 14:26:40,799,at-at,resistance,5,9,3,3,Muunilinst
2025-07-08 14:26:39,800,x-wing,resistance,1,4,6,4,Troiken
2025-07-08 14:26:38,801,tie_silencer,empire,10,6,3,5,Ojom
2025-07-08 14:26:37,802,at-st,resistance,7,5,5,4,Umbara
2025-07-08 14:26:36,803,stormtrooper,empire,2,7,7,2,Rodia
2025-07-08 14:26:35,804,tie_fighter,empire,5,4,5,10,Trandosha
2025-07-08 14:26:34,805,at-st,resistance,3,6,2,4,Troiken
2025-07-08 14:26:33,806,tie_silencer,resistance,3,3,3,10,Ryloth
2025-07-08 14:26:32,807,resistance_soldier,empire,7,4,1,10,Stewjon
2025-07-08 14:26:31,808,at-st,resistance,9,5,3,9,Mon Cala
2025-07-08 14:26:30,809,stormtrooper,resistance,4,3,1,7,Shili
2025-07-08 14:26:29,810,x-wing,resistance,4,1,10,10,Alderaan
2025-07-08 14:26:28,811,unknown,empire,7,2,9,5,Stewjon
2025-07-08 14:26:27,812,tie_fighter,resistance,10,3,3,4,Kashyyyk
2025-07-08 14:26:26,813,at-at,resistance,2,3,9,4,Umbara
2025-07-08 14:26:25,814,resistance_soldier,empire,10,10,8,10,Skako
2025-07-08 14:26:24,815,resistance_soldier,empire,10,7,4,5,Tatooine
2025-07-08 14:26:23,816,tie_silencer,resistance,1,5,4,7,Quermia
2025-07-08 14:26:22,817,unknown,resistance,6,6,4,9,Vulpter
2025-07-08 14:26:21,818,tie_silencer,resistance,2,6,2,2,Kashyyyk
2025-07-08 14:26:20,819,resistance_soldier,resistance,10,6,4,8,Glee Anselm
2025-07-08 14:26:19,820,resistance_soldier,empire,1,9,5,5,Dagobah
2025-07-08 14:26:18,821,stormtrooper,empire,2,9,4,8,Eriadu
2025-07-08 14:26:17,822,at-at,empire,4,6,4,7,Umbara
2025-07-08 14:26:16,823,at-at,empire,7,2,7,10,Muunilinst
2025-07-08 14:26:15,824,at-st,empire,4,2,5,1,Mirial
2025-07-08 14:26:14,825,at-st,empire,9,7,9,9,Shili
2025-07-08 14:26:13,826,stormtrooper,resistance,7,4,9,3,Alderaan
2025-07-08 14:26:12,827,at-st,empire,5,9,4,9,Iktotch
2025-07-08 14:26:11,828,at-st,resistance,7,6,9,2,Malastare
2025-07-08 14:26:10,829,at-at,resistance,9,8,4,10,Cerea
2025-07-08 14:26:09,830,stormtrooper,resistance,8,9,1,9,Iktotch
2025-07-08 14:26:08,831,resistance_soldier,resistance,9,7,7,8,Ojom
2025-07-08 14:26:07,832,stormtrooper,resistance,10,8,2,10,Muunilinst
2025-07-08 14:26:06,833,tie_silencer,empire,10,6,6,4,Glee Anselm
2025-07-08 14:26:05,834,resistance_soldier,resistance,4,1,6,7,Kashyyyk
2025-07-08 14:26:04,835,tie_fighter,empire,9,5,6,1,Haruun Kal
2025-07-08 14:26:03,836,unknown,empire,3,9,7,7,Stewjon
2025-07-08 14:26:02,837,tie_fighter,resistance,3,5,9,1,Vulpter
2025-07-08 14:26:01,838,stormtrooper,resistance,4,9,1,5,Iktotch
2025-07-08 14:26:00,839,at-st,resistance,6,10,5,6,Concord Dawn
2025-07-08 14:25:59,840,tie_silencer,empire,10,10,2,4,Toydaria
2025-07-08 14:25:58,841,x-wing,empire,3,4,7,5,Serenno
2025-07-08 14:25:57,842,x-wing,empire,9,4,5,5,Mirial
2025-07-08 14:25:56,843,tie_silencer,empire,2,8,5,1,Umbara
2025-07-08 14:25:55,844,resistance_soldier,empire,3,3,8,10,Ryloth
2025-07-08 14:25:54,845,x-wing,empire,6,9,6,3,Champala
2025-07-08 14:25:53,846,unknown,resistance,5,10,2,5,Kashyyyk
2025-07-08 14:25:52,847,resistance_soldier,empire,10,4,2,5,Dorin
2025-07-08 14:25:51,848,resistance_soldier,empire,1,8,1,2,Corellia
2025-07-08 14:25:50,849,tie_fighter,resistance,2,7,2,6,Mirial
2025-07-08 14:25:49,850,at-at,empire,1,3,1,3,Shili
2025-07-08 14:25:48,851,at-st,resistance,10,5,9,5,Shili
2025-07-08 14:25:47,852,stormtrooper,resistance,7,5,5,7,Vulpter
2025-07-08 14:25:46,853,tie_silencer,empire,9,8,7,10,Trandosha
2025-07-08 14:25:45,854,tie_fighter,empire,3,8,4,3,Champala
2025-07-08 14:25:44,855,x-wing,resistance,10,10,9,7,Ojom
2025-07-08 14:25:43,856,at-at,empire,9,8,2,5,Concord Dawn
2025-07-08 14:25:42,857,at-st,resistance,8,4,9,6,Alderaan
2025-07-08 14:25:41,858,unknown,empire,9,8,3,1,Troiken
2025-07-08 14:25:40,859,stormtrooper,empire,8,5,9,9,Iktotch
2025-07-08 14:25:39,860,x-wing,resistance,2,9,4,10,Kashyyyk
2025-07-08 14:25:38,861,at-at,resistance,3,9,9,5,Iridonia
2025-07-08 14:25:37,862,resistance_soldier,empire,4,8,5,6,Mirial
2025-07-08 14:25:36,863,tie_silencer,resistance,8,3,5,9,Tatooine
2025-07-08 14:25:35,864,resistance_soldier,resistance,8,8,6,1,Socorro
2025-07-08 14:25:34,865,at-st,resistance,8,8,1,9,Alderaan
2025-07-08 14:25:33,866,at-st,resistance,8,8,10,3,Mon Cala
2025-07-08 14:25:32,867,at-at,resistance,6,9,6,10,Bestine IV
2025-07-08 14:25:31,868,stormtrooper,empire,1,3,9,10,Bestine IV
2025-07-08 14:25:30,869,x-wing,resistance,2,3,10,10,Aleen Minor
2025-07-08 14:25:29,870,x-wing,empire,3,6,8,3,Muunilinst
2025-07-08 14:25:28,871,at-at,empire,1,4,7,1,Tatooine
2025-07-08 14:25:27,872,resistance_soldier,resistance,8,10,10,9,Tatooine
2025-07-08 14:25:26,873,at-at,empire,6,3,4,8,Toydaria
2025-07-08 14:25:25,874,resistance_soldier,empire,7,10,6,7,Ojom
2025-07-08 14:25:24,875,tie_fighter,resistance,4,7,9,10,Mirial
2025-07-08 14:25:23,876,at-st,resistance,1,1,10,3,Quermia
2025-07-08 14:25:22,877,at-at,empire,7,6,2,7,Ryloth
2025-07-08 14:25:21,878,at-st,resistance,10,1,3,1,Shili
2025-07-08 14:25:20,879,at-st,resistance,5,5,1,8,Cerea
2025-07-08 14:25:19,880,resistance_soldier,empire,6,1,6,4,Haruun Kal
2025-07-08 14:25:18,881,tie_fighter,resistance,10,9,4,7,Umbara
2025-07-08 14:25:17,882,resistance_soldier,resistance,2,4,2,6,Shili
2025-07-08 14:25:16,883,tie_fighter,resistance,1,1,4,6,Sullust
2025-07-08 14:25:15,884,at-st,resistance,2,4,9,6,Dorin
2025-07-08 14:25:14,885,at-at,empire,5,8,10,2,Vulpter
2025-07-08 14:25:13,886,unknown,resistance,8,8,10,6,Umbara
2025-07-08 14:25:12,887,at-at,resistance,7,6,10,4,Chandrila
2025-07-08 14:25:11,888,tie_fighter,empire,6,3,4,9,Kalee
2025-07-08 14:25:10,889,tie_silencer,resistance,2,1,10,8,Iridonia
2025-07-08 14:25:09,890,unknown,empire,3,5,8,5,Cerea
2025-07-08 14:25:08,891,tie_silencer,empire,4,10,3,6,Troiken
2025-07-08 14:25:07,892,stormtrooper,resistance,8,9,4,3,Sullust
2025-07-08 14:25:06,893,x-wing,empire,7,2,2,7,Serenno
2025-07-08 14:25:05,894,stormtrooper,empire,7,8,6,4,Dagobah
2025-07-08 14:25:04,895,resistance_soldier,resistance,10,3,10,8,Ojom
2025-07-08 14:25:03,896,x-wing,resistance,5,2,1,6,Rodia
2025-07-08 14:25:02,897,tie_silencer,resistance,10,7,2,10,Sullust
2025-07-08 14:25:01,898,resistance_soldier,resistance,3,4,6,2,Sullust
2025-07-08 14:25:00,899,stormtrooper,empire,8,7,2,6,Troiken
2025-07-08 14:24:59,900,unknown,resistance,8,10,6,5,Haruun Kal
2025-07-08 14:24:58,901,resistance_soldier,resistance,7,7,7,6,Zolan
2025-07-08 14:24:57,902,at-at,empire,8,6,1,10,Haruun Kal
2025-07-08 14:24:56,903,tie_fighter,empire,7,5,6,10,Bestine IV
2025-07-08 14:24:55,904,at-at,resistance,8,7,2,10,Mirial
2025-07-08 14:24:54,905,at-at,resistance,6,4,6,8,Vulpter
2025-07-08 14:24:53,906,tie_fighter,resistance,2,3,6,1,Kashyyyk
2025-07-08 14:24:52,907,unknown,resistance,10,1,6,9,Tholoth
2025-07-08 14:24:51,908,stormtrooper,resistance,1,10,8,8,Iktotch
2025-07-08 14:24:50,909,tie_fighter,empire,6,3,8,10,Zolan
2025-07-08 14:24:49,910,tie_fighter,empire,9,9,5,7,Concord Dawn
2025-07-08 14:24:48,911,x-wing,resistance,8,4,7,9,Mon Cala
2025-07-08 14:24:47,912,tie_silencer,resistance,1,9,9,1,Zolan
2025-07-08 14:24:46,913,tie_fighter,resistance,10,6,5,3,Troiken
2025-07-08 14:24:45,914,x-wing,resistance,8,5,10,4,Toydaria
2025-07-08 14:24:44,915,x-wing,resistance,5,9,6,10,Naboo
2025-07-08 14:24:43,916,at-at,empire,8,9,9,10,Dorin
2025-07-08 14:24:42,917,unknown,resistance,10,8,10,10,Skako
2025-07-08 14:24:41,918,stormtrooper,resistance,1,9,3,7,Naboo
2025-07-08 14:24:40,919,tie_fighter,resistance,2,4,5,8,Eriadu
2025-07-08 14:24:39,920,at-at,resistance,8,9,8,1,Rodia
2025-07-08 14:24:38,921,resistance_soldier,empire,7,8,3,2,Concord Dawn
2025-07-08 14:24:37,922,tie_silencer,empire,8,10,3,5,Toydaria
2025-07-08 14:24:36,923,unknown,empire,8,4,10,6,Trandosha
2025-07-08 14:24:35,924,resistance_soldier,empire,1,5,2,6,Muunilinst
2025-07-08 14:24:34,925,x-wing,empire,10,3,5,8,Tholoth
2025-07-08 14:24:33,926,stormtrooper,empire,9,2,5,5,Eriadu
2025-07-08 14:24:32,927,resistance_soldier,resistance,6,3,2,3,Malastare
2025-07-08 14:24:31,928,tie_fighter,empire,2,10,4,6,Aleen Minor
2025-07-08 14:24:30,929,resistance_soldier,resistance,8,4,5,7,Kashyyyk
2025-07-08 14:24:29,930,tie_silencer,empire,1,5,1,2,Dagobah
2025-07-08 14:24:28,931,x-wing,resistance,10,2,4,8,Dathomir
2025-07-08 14:24:27,932,unknown,resistance,7,1,4,7,Mon Cala
2025-07-08 14:24:26,933,at-at,empire,10,4,1,8,Serenno
2025-07-08 14:24:25,934,x-wing,resistance,1,7,5,7,Bestine IV
2025-07-08 14:24:24,935,stormtrooper,resistance,1,5,10,1,Bestine IV
2025-07-08 14:24:23,936,at-st,resistance,2,9,7,4,Iktotch
2025-07-08 14:24:22,937,tie_silencer,resistance,6,10,1,9,Alderaan
2025-07-08 14:24:21,938,resistance_soldier,resistance,3,5,3,2,Haruun Kal
2025-07-08 14:24:20,939,tie_silencer,resistance,9,5,5,4,Troiken
2025-07-08 14:24:19,940,tie_silencer,resistance,3,6,8,2,Sullust
2025-07-08 14:24:18,941,stormtrooper,resistance,7,4,4,5,Naboo
2025-07-08 14:24:17,942,x-wing,empire,8,1,5,8,Cerea
2025-07-08 14:24:16,943,x-wing,empire,9,10,6,9,Tund
2025-07-08 14:24:15,944,at-at,resistance,5,1,6,1,Iridonia
2025-07-08 14:24:14,945,x-wing,empire,6,1,2,9,Dagobah
2025-07-08 14:24:13,946,tie_fighter,empire,7,10,8,9,Serenno
2025-07-08 14:24:12,947,x-wing,resistance,6,6,2,10,Iridonia
2025-07-08 14:24:11,948,unknown,empire,6,8,8,4,Aleen Minor
2025-07-08 14:24:10,949,at-at,resistance,1,3,7,8,Iktotch
2025-07-08 14:24:09,950,stormtrooper,resistance,3,2,1,7,Bestine IV
2025-07-08 14:24:08,951,tie_silencer,empire,3,10,5,7,Serenno
2025-07-08 14:24:07,952,resistance_soldier,resistance,10,5,6,3,Glee Anselm
2025-07-08 14:24:06,953,stormtrooper,empire,10,8,9,1,Concord Dawn
2025-07-08 14:24:05,954,resistance_soldier,empire,2,6,1,7,Trandosha
2025-07-08 14:24:04,955,resistance_soldier,resistance,9,5,5,5,Skako
2025-07-08 14:24:03,956,stormtrooper,resistance,4,1,9,5,Naboo
2025-07-08 14:24:02,957,x-wing,resistance,3,5,9,4,Mirial
2025-07-08 14:24:01,958,unknown,resistance,3,1,9,3,Chandrila
2025-07-08 14:24:00,959,at-st,empire,8,5,4,4,Corellia
2025-07-08 14:23:59,960,at-st,empire,10,3,2,7,Muunilinst
2025-07-08 14:23:58,961,tie_fighter,empire,7,8,7,2,Serenno
2025-07-08 14:23:57,962,at-st,empire,5,1,1,2,Shili
2025-07-08 14:23:56,963,tie_fighter,resistance,8,4,8,9,Tatooine
2025-07-08 14:23:55,964,at-st,resistance,3,8,4,9,Sullust
2025-07-08 14:23:54,965,at-at,resistance,10,9,7,4,Kashyyyk
2025-07-08 14:23:53,966,resistance_soldier,resistance,5,9,10,7,Alderaan
2025-07-08 14:23:52,967,unknown,resistance,5,4,6,6,Malastare
2025-07-08 14:23:51,968,at-at,empire,4,9,10,4,Tund
2025-07-08 14:23:50,969,at-st,resistance,1,6,2,5,Kashyyyk
2025-07-08 14:23:49,970,at-at,resistance,5,5,5,3,Sullust
2025-07-08 14:23:48,971,at-st,empire,9,7,4,2,Concord Dawn
2025-07-08 14:23:47,972,x-wing,resistance,5,8,5,4,Mirial
2025-07-08 14:23:46,973,unknown,empire,1,10,3,3,Dagobah
2025-07-08 14:23:45,974,at-st,resistance,3,3,3,3,Kashyyyk
2025-07-08 14:23:44,975,x-wing,empire,9,9,4,9,Eriadu
2025-07-08 14:23:43,976,resistance_soldier,resistance,5,7,10,10,Iridonia
2025-07-08 14:23:42,977,at-at,empire,6,8,7,4,Naboo
2025-07-08 14:23:41,978,stormtrooper,resistance,4,2,1,2,Shili
2025-07-08 14:23:40,979,at-st,resistance,10,6,7,10,Aleen Minor
2025-07-08 14:23:39,980,resistance_soldier,resistance,5,3,7,8,Haruun Kal
2025-07-08 14:23:38,981,unknown,resistance,5,7,8,4,Kalee
2025-07-08 14:23:37,982,unknown,empire,5,4,7,9,Kalee
2025-07-08 14:23:36,983,at-st,empire,2,8,6,10,Tund
2025-07-08 14:23:35,984,at-at,resistance,4,10,8,2,Chandrila
2025-07-08 14:23:34,985,at-st,empire,9,3,7,6,Zolan
2025-07-08 14:23:33,986,stormtrooper,resistance,6,10,5,1,Haruun Kal
2025-07-08 14:23:32,987,at-st,empire,4,5,9,5,Trandosha
2025-07-08 14:23:31,988,tie_fighter,resistance,7,5,6,5,Alderaan
2025-07-08 14:23:30,989,stormtrooper,resistance,3,7,5,9,Kashyyyk
2025-07-08 14:23:29,990,unknown,empire,9,3,2,6,Serenno
2025-07-08 14:23:28,991,unknown,empire,6,2,10,4,Naboo
2025-07-08 14:23:27,992,stormtrooper,resistance,1,1,4,3,Vulpter
2025-07-08 14:23:26,993,tie_fighter,resistance,8,1,8,1,Mirial
2025-07-08 14:23:25,994,tie_silencer,resistance,6,9,8,3,Sullust
2025-07-08 14:23:24,995,tie_fighter,resistance,6,7,6,1,Rodia
2025-07-08 14:23:23,996,resistance_soldier,resistance,3,2,4,8,Bestine IV
2025-07-08 14:23:22,997,at-st,empire,8,7,7,8,Dathomir
2025-07-08 14:23:21,998,at-st,empire,7,1,10,10,Tatooine
2025-07-08 14:23:20,999,at-st,resistance,8,8,6,3,Iktotch
2025-07-08 14:23:19,1000,resistance_soldier,empire,3,5,6,8,Toydaria
